session_id,true_label,group_id,split
tasktracker_java_brackets_brackets_4072_1575609932_1466351377412.086_54781d5e46ef7eb423e373269a8119246f8aab40,0,4072_1575609932_1466351377412.086_54781d5e46ef7eb423e373269a8119246f8aab40,train
tasktracker_java_brackets_brackets_50952_1381656317_16469640206.523684_92a7d3568ab93bcb57ccf34a5cdc36bc850252e6,1,50952_1381656317_16469640206.523684_92a7d3568ab93bcb57ccf34a5cdc36bc850252e6,train
tasktracker_java_brackets_brackets_516498_1178551944_162670384992.19626_8c04d89c38707f39de13634e244a71c022ca98ba,0,516498_1178551944_162670384992.19626_8c04d89c38707f39de13634e244a71c022ca98ba,train
tasktracker_java_brackets_brackets_53285_1705533775_1292233787305.176_fec8c81f154d4a436ee9d893aa383c57e89745f7,1,53285_1705533775_1292233787305.176_fec8c81f154d4a436ee9d893aa383c57e89745f7,train
tasktracker_java_max_3_max_3_204023_668020847_516895086072.12787_9ac1f193df7581cc6d68bc07eaa01710f5acf6e4,0,204023_668020847_516895086072.12787_9ac1f193df7581cc6d68bc07eaa01710f5acf6e4,train
tasktracker_java_max_3_max_3_204060_1403686852_452957577733.4277_ca949b775e8bfc31f714dcba1671cd258a28f6ca,0,204060_1403686852_452957577733.4277_ca949b775e8bfc31f714dcba1671cd258a28f6ca,train
tasktracker_java_max_3_max_3_35359_668337716_700492825690.7686_7afd44537ebff4868a2797df29e090d01d6c77f6,0,35359_668337716_700492825690.7686_7afd44537ebff4868a2797df29e090d01d6c77f6,train
tasktracker_java_max_3_max_3_35912_1100763038_598559937468.288_3f848c12f0d0f9abcded2bd9a89f972559874307,0,35912_1100763038_598559937468.288_3f848c12f0d0f9abcded2bd9a89f972559874307,train
tasktracker_java_max_3_max_3_4072_1575609932_1466351377412.086_54781d5e46ef7eb423e373269a8119246f8aab40,0,4072_1575609932_1466351377412.086_54781d5e46ef7eb423e373269a8119246f8aab40,train
tasktracker_java_max_3_max_3_50236_25853174_1277715059093.8948_886dfb0cdc30a6f7ef494e4f0a7acc925d3ce1dc,1,50236_25853174_1277715059093.8948_886dfb0cdc30a6f7ef494e4f0a7acc925d3ce1dc,train
tasktracker_java_max_3_max_3_50236_357787407_1429767635995.9395_d5f5d101e93288426793cab0366b57fca7e2e9c8,0,50236_357787407_1429767635995.9395_d5f5d101e93288426793cab0366b57fca7e2e9c8,train
tasktracker_java_max_3_max_3_50240_857233176_843487176380.1454_e07e707f8cc523c1b5db8a7c8db58a7e58891212,1,50240_857233176_843487176380.1454_e07e707f8cc523c1b5db8a7c8db58a7e58891212,train
tasktracker_java_max_3_max_3_50245_20002811_750838435890.7542_463f1342508be0c8c3bef7dc4bb96b162edb6147,0,50245_20002811_750838435890.7542_463f1342508be0c8c3bef7dc4bb96b162edb6147,train
tasktracker_java_max_3_max_3_50254_213335595_1506562519119.1558_92207ad2e5d3fd87a23bfe292d58026dd5f46040,0,50254_213335595_1506562519119.1558_92207ad2e5d3fd87a23bfe292d58026dd5f46040,train
tasktracker_java_max_3_max_3_50835_697721268_610221703032.3408_47c9336e4957bb8c138f480cb62c183251fe298b,0,50835_697721268_610221703032.3408_47c9336e4957bb8c138f480cb62c183251fe298b,train
tasktracker_java_max_3_max_3_51362_785676883_11698347327.775366_1d72cbf4974d2abb7d8dba30e213c39a695dced1,0,51362_785676883_11698347327.775366_1d72cbf4974d2abb7d8dba30e213c39a695dced1,train
tasktracker_java_max_3_max_3_516498_1178551944_162670384992.19626_8c04d89c38707f39de13634e244a71c022ca98ba,0,516498_1178551944_162670384992.19626_8c04d89c38707f39de13634e244a71c022ca98ba,train
tasktracker_java_max_3_max_3_53285_1705533775_1292233787305.176_fec8c81f154d4a436ee9d893aa383c57e89745f7,0,53285_1705533775_1292233787305.176_fec8c81f154d4a436ee9d893aa383c57e89745f7,train
tasktracker_java_max_3_max_3_57067_1261491634_1303314701575.888_3d56ea1064305d2147d63f7a4943bcb8de5510a8,0,57067_1261491634_1303314701575.888_3d56ea1064305d2147d63f7a4943bcb8de5510a8,train
tasktracker_java_max_3_max_3_57490_330720948_1298527170716.4583_3128870c90ce1bb6fac7851789f7507b0bd3c717,0,57490_330720948_1298527170716.4583_3128870c90ce1bb6fac7851789f7507b0bd3c717,train
tasktracker_java_max_3_max_3_57763_274982267_329582703167.56854_e2d08267215382b9dc4478669b7c47850e13c63d,1,57763_274982267_329582703167.56854_e2d08267215382b9dc4478669b7c47850e13c63d,train
tasktracker_java_max_3_max_3_57789_819206578_644461315473.2961_d5608873680c0af72b92960dfe0af2a77bc55694,0,57789_819206578_644461315473.2961_d5608873680c0af72b92960dfe0af2a77bc55694,train
tasktracker_java_max_digit_max_digit_4072_1575609932_1466351377412.086_54781d5e46ef7eb423e373269a8119246f8aab40,0,4072_1575609932_1466351377412.086_54781d5e46ef7eb423e373269a8119246f8aab40,train
tasktracker_java_max_digit_max_digit_50257_1709204793_108459306453.05919_2247f558c83bf63053b1624a2659fc4e4d4558a2,0,50257_1709204793_108459306453.05919_2247f558c83bf63053b1624a2659fc4e4d4558a2,train
tasktracker_java_max_digit_max_digit_516498_1178551944_162670384992.19626_8c04d89c38707f39de13634e244a71c022ca98ba,0,516498_1178551944_162670384992.19626_8c04d89c38707f39de13634e244a71c022ca98ba,train
tasktracker_java_max_digit_max_digit_51842_783082061_1448226214940.27_0aef4b4458c79d9d8e7a8d6918a3e7fbde0853fa,0,51842_783082061_1448226214940.27_0aef4b4458c79d9d8e7a8d6918a3e7fbde0853fa,train
tasktracker_java_max_digit_max_digit_53285_1705533775_1292233787305.176_fec8c81f154d4a436ee9d893aa383c57e89745f7,0,53285_1705533775_1292233787305.176_fec8c81f154d4a436ee9d893aa383c57e89745f7,train
tasktracker_java_pies_pies_1105_1557047966_1080013613426.9247_77ca8e1a54b7fdc837185e46ba6c2d6d5b1eb65b,1,1105_1557047966_1080013613426.9247_77ca8e1a54b7fdc837185e46ba6c2d6d5b1eb65b,train
tasktracker_java_pies_pies_204023_1295672917_582321549345.9686_885c9af3bc45c5b668f90b9226498d251192f5b0,0,204023_1295672917_582321549345.9686_885c9af3bc45c5b668f90b9226498d251192f5b0,train
tasktracker_java_pies_pies_204023_668020847_516895086072.12787_9ac1f193df7581cc6d68bc07eaa01710f5acf6e4,1,204023_668020847_516895086072.12787_9ac1f193df7581cc6d68bc07eaa01710f5acf6e4,train
tasktracker_java_pies_pies_4072_1575609932_1466351377412.086_54781d5e46ef7eb423e373269a8119246f8aab40,0,4072_1575609932_1466351377412.086_54781d5e46ef7eb423e373269a8119246f8aab40,train
tasktracker_java_pies_pies_50200_1421378627_1179200758740.3208_fb53c43283c02986a479301ab34083fad2030fe2,0,50200_1421378627_1179200758740.3208_fb53c43283c02986a479301ab34083fad2030fe2,train
tasktracker_java_pies_pies_50201_922288987_342642750164.68304_a022a4088bb525bd7b511483d514a1023f39e15c,1,50201_922288987_342642750164.68304_a022a4088bb525bd7b511483d514a1023f39e15c,train
tasktracker_java_pies_pies_50236_25853174_1277715059093.8948_886dfb0cdc30a6f7ef494e4f0a7acc925d3ce1dc,0,50236_25853174_1277715059093.8948_886dfb0cdc30a6f7ef494e4f0a7acc925d3ce1dc,train
tasktracker_java_pies_pies_50240_1600961792_329781335745.4937_cb033bbe50ab86115e134a01d28048377ff1bf47,0,50240_1600961792_329781335745.4937_cb033bbe50ab86115e134a01d28048377ff1bf47,train
tasktracker_java_pies_pies_50240_857233176_843487176380.1454_e07e707f8cc523c1b5db8a7c8db58a7e58891212,0,50240_857233176_843487176380.1454_e07e707f8cc523c1b5db8a7c8db58a7e58891212,train
tasktracker_java_pies_pies_50250_1544338911_1199532539136.588_d63c638bc06575f2d00f972b57b3fe0996e8ea14,0,50250_1544338911_1199532539136.588_d63c638bc06575f2d00f972b57b3fe0996e8ea14,train
tasktracker_java_pies_pies_50751_6734527_1138798489862.933_0687500a3943a24ebd92b0e6e8569b6a8ca182d0,1,50751_6734527_1138798489862.933_0687500a3943a24ebd92b0e6e8569b6a8ca182d0,train
tasktracker_java_pies_pies_50835_697721268_610221703032.3408_47c9336e4957bb8c138f480cb62c183251fe298b,1,50835_697721268_610221703032.3408_47c9336e4957bb8c138f480cb62c183251fe298b,train
tasktracker_java_pies_pies_51403_1771290213_1211670296785.9038_8e46c693a543f911ad9d0ab494890245c381122d,0,51403_1771290213_1211670296785.9038_8e46c693a543f911ad9d0ab494890245c381122d,train
tasktracker_java_pies_pies_516498_1178551944_162670384992.19626_8c04d89c38707f39de13634e244a71c022ca98ba,0,516498_1178551944_162670384992.19626_8c04d89c38707f39de13634e244a71c022ca98ba,train
tasktracker_java_pies_pies_53285_1705533775_1292233787305.176_fec8c81f154d4a436ee9d893aa383c57e89745f7,0,53285_1705533775_1292233787305.176_fec8c81f154d4a436ee9d893aa383c57e89745f7,train
tasktracker_java_pies_pies_57721_84510250_1047720102990.9707_98ec8ee94d99c8248d13f066badb20546542b9d0,0,57721_84510250_1047720102990.9707_98ec8ee94d99c8248d13f066badb20546542b9d0,train
tasktracker_java_voting_voting_204023_668020847_516895086072.12787_9ac1f193df7581cc6d68bc07eaa01710f5acf6e4,0,204023_668020847_516895086072.12787_9ac1f193df7581cc6d68bc07eaa01710f5acf6e4,train
tasktracker_java_voting_voting_35348_1438997025_120066998105.26987_bad7f68a7e0bdbb50783d610478f97ab3a55810b,0,35348_1438997025_120066998105.26987_bad7f68a7e0bdbb50783d610478f97ab3a55810b,train
tasktracker_java_voting_voting_35937_2049410402_531300241288.57764_1570a4fa165fa8bbe1c700eb4ebf05b90d16dd03,0,35937_2049410402_531300241288.57764_1570a4fa165fa8bbe1c700eb4ebf05b90d16dd03,train
tasktracker_java_voting_voting_4072_1575609932_1466351377412.086_54781d5e46ef7eb423e373269a8119246f8aab40,0,4072_1575609932_1466351377412.086_54781d5e46ef7eb423e373269a8119246f8aab40,train
tasktracker_java_voting_voting_50193_205653921_761894199394.1117_78fd5cf950e325e2002e45fee05570ff970c9bd9,0,50193_205653921_761894199394.1117_78fd5cf950e325e2002e45fee05570ff970c9bd9,train
tasktracker_java_voting_voting_50236_25853174_1277715059093.8948_886dfb0cdc30a6f7ef494e4f0a7acc925d3ce1dc,0,50236_25853174_1277715059093.8948_886dfb0cdc30a6f7ef494e4f0a7acc925d3ce1dc,train
tasktracker_java_voting_voting_50236_357787407_1429767635995.9395_d5f5d101e93288426793cab0366b57fca7e2e9c8,0,50236_357787407_1429767635995.9395_d5f5d101e93288426793cab0366b57fca7e2e9c8,train
tasktracker_java_voting_voting_50240_857233176_843487176380.1454_e07e707f8cc523c1b5db8a7c8db58a7e58891212,0,50240_857233176_843487176380.1454_e07e707f8cc523c1b5db8a7c8db58a7e58891212,train
tasktracker_java_voting_voting_50246_1768240771_1471110819433.921_a5f867704feeceddfa3d554aaf131efd8dc53e28,0,50246_1768240771_1471110819433.921_a5f867704feeceddfa3d554aaf131efd8dc53e28,train
tasktracker_java_voting_voting_50255_501077302_197219872255.72565_b4c4c6c633375ddfff5911d3ae952474abf21fbb,0,50255_501077302_197219872255.72565_b4c4c6c633375ddfff5911d3ae952474abf21fbb,train
tasktracker_java_voting_voting_50835_697721268_610221703032.3408_47c9336e4957bb8c138f480cb62c183251fe298b,0,50835_697721268_610221703032.3408_47c9336e4957bb8c138f480cb62c183251fe298b,train
tasktracker_java_voting_voting_516498_1178551944_162670384992.19626_8c04d89c38707f39de13634e244a71c022ca98ba,0,516498_1178551944_162670384992.19626_8c04d89c38707f39de13634e244a71c022ca98ba,train
tasktracker_java_voting_voting_53285_1705533775_1292233787305.176_fec8c81f154d4a436ee9d893aa383c57e89745f7,0,53285_1705533775_1292233787305.176_fec8c81f154d4a436ee9d893aa383c57e89745f7,train
tasktracker_java_voting_voting_57504_1915495132_781365268832.5005_d4a5cb01978425ee33cb1c065168a29c18d37a41,1,57504_1915495132_781365268832.5005_d4a5cb01978425ee33cb1c065168a29c18d37a41,train
tasktracker_java_voting_voting_57568_130348365_490864620011.9168_11ea73fe3952e1d741ffb5b0a0fa75b073db7703,0,57568_130348365_490864620011.9168_11ea73fe3952e1d741ffb5b0a0fa75b073db7703,train
tasktracker_java_voting_voting_57777_1546715125_16555386179.251556_f227acab9265b257313b2601851d20120fdd65b9,1,57777_1546715125_16555386179.251556_f227acab9265b257313b2601851d20120fdd65b9,train
tasktracker_java_zero_zero_4072_1575609932_1466351377412.086_54781d5e46ef7eb423e373269a8119246f8aab40,0,4072_1575609932_1466351377412.086_54781d5e46ef7eb423e373269a8119246f8aab40,train
tasktracker_java_zero_zero_50248_117328608_1143147998314.5024_588bf6e773f3c722d78a2d64c74c982b123e23ac,1,50248_117328608_1143147998314.5024_588bf6e773f3c722d78a2d64c74c982b123e23ac,train
tasktracker_java_zero_zero_51354_1902752852_207879768723.99686_d238637b063d9d90e963f973284ead5b6b46322e,0,51354_1902752852_207879768723.99686_d238637b063d9d90e963f973284ead5b6b46322e,train
tasktracker_java_zero_zero_516498_1178551944_162670384992.19626_8c04d89c38707f39de13634e244a71c022ca98ba,0,516498_1178551944_162670384992.19626_8c04d89c38707f39de13634e244a71c022ca98ba,train
tasktracker_java_zero_zero_53285_1705533775_1292233787305.176_fec8c81f154d4a436ee9d893aa383c57e89745f7,0,53285_1705533775_1292233787305.176_fec8c81f154d4a436ee9d893aa383c57e89745f7,train
tasktracker_kotlin_brackets_brackets_39286_1049978243_698029670251.5197_22c67c9a2e55d7ae876d798f31c5d77ec82947e1,0,39286_1049978243_698029670251.5197_22c67c9a2e55d7ae876d798f31c5d77ec82947e1,train
tasktracker_kotlin_brackets_brackets_41998_1053259907_1241640984630.3262_5f913614975922e949a81a72421ca989e22862f8,1,41998_1053259907_1241640984630.3262_5f913614975922e949a81a72421ca989e22862f8,train
tasktracker_kotlin_brackets_brackets_43482_817518377_1218501755035.3948_b52ef0fbc42c296c873d92faaf08353366ce7798,0,43482_817518377_1218501755035.3948_b52ef0fbc42c296c873d92faaf08353366ce7798,train
tasktracker_kotlin_brackets_brackets_4770_262746974_1101405860621.7349_07d18e5f6521abe24417af9cfc84999ecab0cd20,0,4770_262746974_1101405860621.7349_07d18e5f6521abe24417af9cfc84999ecab0cd20,train
tasktracker_kotlin_brackets_brackets_50591_763982381_873963487949.8887_7067c5e72754b8a912ce5f32ea40569c0680ea7a,1,50591_763982381_873963487949.8887_7067c5e72754b8a912ce5f32ea40569c0680ea7a,train
tasktracker_kotlin_brackets_brackets_56646_1694501307_627678954772.0905_4a630d90f56afed674dc8a73d3c883bc42fa63e8,1,56646_1694501307_627678954772.0905_4a630d90f56afed674dc8a73d3c883bc42fa63e8,train
tasktracker_kotlin_max_3_max_3_375372_1158485556_1503163242535.8481_67be4276fd0c39fa8bc58de116c16e5e59708bea,0,375372_1158485556_1503163242535.8481_67be4276fd0c39fa8bc58de116c16e5e59708bea,train
tasktracker_kotlin_max_3_max_3_39286_1049978243_698029670251.5197_22c67c9a2e55d7ae876d798f31c5d77ec82947e1,0,39286_1049978243_698029670251.5197_22c67c9a2e55d7ae876d798f31c5d77ec82947e1,train
tasktracker_kotlin_max_3_max_3_41998_1053259907_1241640984630.3262_5f913614975922e949a81a72421ca989e22862f8,0,41998_1053259907_1241640984630.3262_5f913614975922e949a81a72421ca989e22862f8,train
tasktracker_kotlin_max_3_max_3_4770_262746974_1101405860621.7349_07d18e5f6521abe24417af9cfc84999ecab0cd20,0,4770_262746974_1101405860621.7349_07d18e5f6521abe24417af9cfc84999ecab0cd20,train
tasktracker_kotlin_max_3_max_3_50591_763982381_873963487949.8887_7067c5e72754b8a912ce5f32ea40569c0680ea7a,1,50591_763982381_873963487949.8887_7067c5e72754b8a912ce5f32ea40569c0680ea7a,train
tasktracker_kotlin_max_3_max_3_56646_1694501307_627678954772.0905_4a630d90f56afed674dc8a73d3c883bc42fa63e8,0,56646_1694501307_627678954772.0905_4a630d90f56afed674dc8a73d3c883bc42fa63e8,train
tasktracker_kotlin_max_3_max_3_60693_2088659881_1157508589144.569_cc4074e3aab317740dca36431601450f193c780b,1,60693_2088659881_1157508589144.569_cc4074e3aab317740dca36431601450f193c780b,train
tasktracker_kotlin_max_digit_max_digit_375376_1073793298_1483248182011.5476_3dd331b15c9e76fc3e4fdae3c17ba22b660d5ff0,0,375376_1073793298_1483248182011.5476_3dd331b15c9e76fc3e4fdae3c17ba22b660d5ff0,train
tasktracker_kotlin_max_digit_max_digit_39286_1049978243_698029670251.5197_22c67c9a2e55d7ae876d798f31c5d77ec82947e1,0,39286_1049978243_698029670251.5197_22c67c9a2e55d7ae876d798f31c5d77ec82947e1,train
tasktracker_kotlin_max_digit_max_digit_41998_1053259907_1241640984630.3262_5f913614975922e949a81a72421ca989e22862f8,0,41998_1053259907_1241640984630.3262_5f913614975922e949a81a72421ca989e22862f8,train
tasktracker_kotlin_max_digit_max_digit_43482_817518377_1218501755035.3948_b52ef0fbc42c296c873d92faaf08353366ce7798,1,43482_817518377_1218501755035.3948_b52ef0fbc42c296c873d92faaf08353366ce7798,train
tasktracker_kotlin_max_digit_max_digit_4770_262746974_1101405860621.7349_07d18e5f6521abe24417af9cfc84999ecab0cd20,0,4770_262746974_1101405860621.7349_07d18e5f6521abe24417af9cfc84999ecab0cd20,train
tasktracker_kotlin_max_digit_max_digit_50591_763982381_873963487949.8887_7067c5e72754b8a912ce5f32ea40569c0680ea7a,1,50591_763982381_873963487949.8887_7067c5e72754b8a912ce5f32ea40569c0680ea7a,train
tasktracker_kotlin_max_digit_max_digit_56646_1694501307_627678954772.0905_4a630d90f56afed674dc8a73d3c883bc42fa63e8,1,56646_1694501307_627678954772.0905_4a630d90f56afed674dc8a73d3c883bc42fa63e8,train
tasktracker_kotlin_max_digit_max_digit_60693_2088659881_1157508589144.569_cc4074e3aab317740dca36431601450f193c780b,1,60693_2088659881_1157508589144.569_cc4074e3aab317740dca36431601450f193c780b,train
tasktracker_kotlin_pies_pies_102957_602853714_549052309663.3014_7ec4b3ae7cbf30e6b4b6469e7ddd59fa1e04436a,0,102957_602853714_549052309663.3014_7ec4b3ae7cbf30e6b4b6469e7ddd59fa1e04436a,train
tasktracker_kotlin_pies_pies_375368_1380440107_1048563730395.4622_9f6a28d7ed087e9df126d2d30ad5b4c0bfb4a143,0,375368_1380440107_1048563730395.4622_9f6a28d7ed087e9df126d2d30ad5b4c0bfb4a143,train
tasktracker_kotlin_pies_pies_39529_1842870334_756319712900.1792_e4bcda4e3b62d15e21bc142adfbb5a34784a53e1,1,39529_1842870334_756319712900.1792_e4bcda4e3b62d15e21bc142adfbb5a34784a53e1,train
tasktracker_kotlin_pies_pies_41998_1053259907_1241640984630.3262_5f913614975922e949a81a72421ca989e22862f8,1,41998_1053259907_1241640984630.3262_5f913614975922e949a81a72421ca989e22862f8,train
tasktracker_kotlin_pies_pies_50591_763982381_873963487949.8887_7067c5e72754b8a912ce5f32ea40569c0680ea7a,1,50591_763982381_873963487949.8887_7067c5e72754b8a912ce5f32ea40569c0680ea7a,train
tasktracker_kotlin_pies_pies_56646_1694501307_627678954772.0905_4a630d90f56afed674dc8a73d3c883bc42fa63e8,1,56646_1694501307_627678954772.0905_4a630d90f56afed674dc8a73d3c883bc42fa63e8,train
tasktracker_kotlin_pies_pies_60693_2088659881_1157508589144.569_cc4074e3aab317740dca36431601450f193c780b,1,60693_2088659881_1157508589144.569_cc4074e3aab317740dca36431601450f193c780b,train
tasktracker_kotlin_voting_voting_375374_974689068_92193407374.93364_64a227fef24930ef8c520b19e9f8aa6f08f26ef0,0,375374_974689068_92193407374.93364_64a227fef24930ef8c520b19e9f8aa6f08f26ef0,train
tasktracker_kotlin_voting_voting_39286_1049978243_698029670251.5197_22c67c9a2e55d7ae876d798f31c5d77ec82947e1,0,39286_1049978243_698029670251.5197_22c67c9a2e55d7ae876d798f31c5d77ec82947e1,train
tasktracker_kotlin_voting_voting_41998_1053259907_1241640984630.3262_5f913614975922e949a81a72421ca989e22862f8,0,41998_1053259907_1241640984630.3262_5f913614975922e949a81a72421ca989e22862f8,train
tasktracker_kotlin_voting_voting_50591_763982381_873963487949.8887_7067c5e72754b8a912ce5f32ea40569c0680ea7a,1,50591_763982381_873963487949.8887_7067c5e72754b8a912ce5f32ea40569c0680ea7a,train
tasktracker_kotlin_voting_voting_56646_1694501307_627678954772.0905_4a630d90f56afed674dc8a73d3c883bc42fa63e8,1,56646_1694501307_627678954772.0905_4a630d90f56afed674dc8a73d3c883bc42fa63e8,train
tasktracker_kotlin_voting_voting_60693_2088659881_1157508589144.569_cc4074e3aab317740dca36431601450f193c780b,0,60693_2088659881_1157508589144.569_cc4074e3aab317740dca36431601450f193c780b,train
tasktracker_kotlin_zero_zero_375373_890344270_328914657023.14453_598acd68a959356f8286822b6ea5cadeec4202e5,0,375373_890344270_328914657023.14453_598acd68a959356f8286822b6ea5cadeec4202e5,train
tasktracker_kotlin_zero_zero_39286_1049978243_698029670251.5197_22c67c9a2e55d7ae876d798f31c5d77ec82947e1,0,39286_1049978243_698029670251.5197_22c67c9a2e55d7ae876d798f31c5d77ec82947e1,train
tasktracker_kotlin_zero_zero_41998_1053259907_1241640984630.3262_5f913614975922e949a81a72421ca989e22862f8,1,41998_1053259907_1241640984630.3262_5f913614975922e949a81a72421ca989e22862f8,train
tasktracker_kotlin_zero_zero_50591_763982381_873963487949.8887_7067c5e72754b8a912ce5f32ea40569c0680ea7a,1,50591_763982381_873963487949.8887_7067c5e72754b8a912ce5f32ea40569c0680ea7a,train
tasktracker_kotlin_zero_zero_56646_1694501307_627678954772.0905_4a630d90f56afed674dc8a73d3c883bc42fa63e8,1,56646_1694501307_627678954772.0905_4a630d90f56afed674dc8a73d3c883bc42fa63e8,train
tasktracker_kotlin_zero_zero_60693_2088659881_1157508589144.569_cc4074e3aab317740dca36431601450f193c780b,1,60693_2088659881_1157508589144.569_cc4074e3aab317740dca36431601450f193c780b,train
tasktracker_python_brackets_brackets_0cmax_30max_3amax_37cc97689abd694b24fef5e865373bbdb2,0,0cmax_30max_3amax_37cc97689abd694b24fef5e865373bbdb2,train
tasktracker_python_brackets_brackets_100152_1166263590_436878423604.05066_7c3063711b59051ab54ab60ae4c5258a75074d48,0,100152_1166263590_436878423604.05066_7c3063711b59051ab54ab60ae4c5258a75074d48,train
tasktracker_python_brackets_brackets_1017_113826708_321439997792.73645_38275c782207f99d2c0a956b0a7d5de10754adf7,0,1017_113826708_321439997792.73645_38275c782207f99d2c0a956b0a7d5de10754adf7,train
tasktracker_python_brackets_brackets_10791_382171651_1424351025212.03_cfd47f0ddf66ce4db1fcaf58aacf2dca9b2bb767,1,10791_382171651_1424351025212.03_cfd47f0ddf66ce4db1fcaf58aacf2dca9b2bb767,train
tasktracker_python_brackets_brackets_131168_1025952318_1143862208007.3184_173be9114c8f3eccadad9bba8e43192d0b7f2f90,0,131168_1025952318_1143862208007.3184_173be9114c8f3eccadad9bba8e43192d0b7f2f90,train
tasktracker_python_brackets_brackets_143004_2064534604_992229733090.3016_7f6ad4fb1869c21cdbcd62d12060c1ee2382dd6e,0,143004_2064534604_992229733090.3016_7f6ad4fb1869c21cdbcd62d12060c1ee2382dd6e,train
tasktracker_python_brackets_brackets_15526_724434286_141444182098.12494_1475bc975655b773e70854dda8c5a0c9740916a8,0,15526_724434286_141444182098.12494_1475bc975655b773e70854dda8c5a0c9740916a8,train
tasktracker_python_brackets_brackets_16501_1942409595_606988234262.6613_fc213e06d3e6f1c1c3a77a2e09ea7b3b44acda67,0,16501_1942409595_606988234262.6613_fc213e06d3e6f1c1c3a77a2e09ea7b3b44acda67,train
tasktracker_python_brackets_brackets_18415_111586973_1586557317665.0554_c54342b12b1a9c5d26eaa5bf7363ada1fa81247f,0,18415_111586973_1586557317665.0554_c54342b12b1a9c5d26eaa5bf7363ada1fa81247f,train
tasktracker_python_brackets_brackets_193646_673126775_384890006177.1807_9c724c82ac2c8cb68327661b9cc3783112e69b46,0,193646_673126775_384890006177.1807_9c724c82ac2c8cb68327661b9cc3783112e69b46,train
tasktracker_python_brackets_brackets_198352_865707415_1206794217618.4377_4d28089eed49c86c701df45ca594848174fd42ec,0,198352_865707415_1206794217618.4377_4d28089eed49c86c701df45ca594848174fd42ec,train
tasktracker_python_brackets_brackets_19947_1425260924_14367378298.66608_3fe7f902e9700e815c34fe8d60d10a34882b2d53,0,19947_1425260924_14367378298.66608_3fe7f902e9700e815c34fe8d60d10a34882b2d53,train
tasktracker_python_brackets_brackets_2089_1238900288_12842862400.5874_39c5e36674828abd02490546d56a0beb326961a9,0,2089_1238900288_12842862400.5874_39c5e36674828abd02490546d56a0beb326961a9,train
tasktracker_python_brackets_brackets_2100_754016256_1479911704813.4963_f0b248e24852da21c2fe77d2cda29c7a11c36c8f,0,2100_754016256_1479911704813.4963_f0b248e24852da21c2fe77d2cda29c7a11c36c8f,train
tasktracker_python_brackets_brackets_22407_46596276_715022755974.066_20bad0cf929fc47bf911585e4774a9ee2d10123e,0,22407_46596276_715022755974.066_20bad0cf929fc47bf911585e4774a9ee2d10123e,train
tasktracker_python_brackets_brackets_24268_85478426_1289997218181.0583_90fb9922684a5c252d71bd4db5700cec56dc5231,1,24268_85478426_1289997218181.0583_90fb9922684a5c252d71bd4db5700cec56dc5231,train
tasktracker_python_brackets_brackets_28465_666287976_79269655490.18567_aa3a6b89f0e3d2c3f689fbb07d6955884c8ca3b6,0,28465_666287976_79269655490.18567_aa3a6b89f0e3d2c3f689fbb07d6955884c8ca3b6,train
tasktracker_python_brackets_brackets_35788_103591522_446471286908.60034_143881921cfa48acb771b1a437c26046609111f5,0,35788_103591522_446471286908.60034_143881921cfa48acb771b1a437c26046609111f5,train
tasktracker_python_brackets_brackets_35788_418626757_1136781665214.9624_35477a42de40624bf0d7c811eb5ffa358dbde5ff,0,35788_418626757_1136781665214.9624_35477a42de40624bf0d7c811eb5ffa358dbde5ff,train
tasktracker_python_brackets_brackets_3875_692915_1076739655245.9308_1afbf84de1ff6fbffc72125b28e96fe64117f0fd,1,3875_692915_1076739655245.9308_1afbf84de1ff6fbffc72125b28e96fe64117f0fd,train
tasktracker_python_brackets_brackets_4045_1137164902_844534486862.1228_caf6448a4f4767e8988397347320d0e2a7cc0ffe,0,4045_1137164902_844534486862.1228_caf6448a4f4767e8988397347320d0e2a7cc0ffe,train
tasktracker_python_brackets_brackets_4275_1805376686_1388731874761.0269_321b7a0f6a29c97153bb4b7979f4ada06ea9e7bd,0,4275_1805376686_1388731874761.0269_321b7a0f6a29c97153bb4b7979f4ada06ea9e7bd,train
tasktracker_python_brackets_brackets_43287_1067898764_1456330342973.7773_49e5e9a273817dac745b18e74f3ba28f3af156a5,0,43287_1067898764_1456330342973.7773_49e5e9a273817dac745b18e74f3ba28f3af156a5,train
tasktracker_python_brackets_brackets_45478_270994276_630374379611.3223_108aa9b05e5acf01ad90cabf36d1f46c93f47a24,0,45478_270994276_630374379611.3223_108aa9b05e5acf01ad90cabf36d1f46c93f47a24,train
tasktracker_python_brackets_brackets_4611_12390667_762127414508.162_9661c72753a7a42f09a59ca4312b1f38e63fd711,0,4611_12390667_762127414508.162_9661c72753a7a42f09a59ca4312b1f38e63fd711,train
tasktracker_python_brackets_brackets_4611_9955056_1556291180042.0403_255f4b3270c39f31c7de3fdaf9a648ca58517978,0,4611_9955056_1556291180042.0403_255f4b3270c39f31c7de3fdaf9a648ca58517978,train
tasktracker_python_brackets_brackets_4808_30740638_849045201361.1283_d360e9bbfcd186275364283c8e5932a8562cca3e,1,4808_30740638_849045201361.1283_d360e9bbfcd186275364283c8e5932a8562cca3e,train
tasktracker_python_brackets_brackets_48829_260493958_810318900839.7272_559908edfde12d374d46fc96afa22b983a41025d,0,48829_260493958_810318900839.7272_559908edfde12d374d46fc96afa22b983a41025d,train
tasktracker_python_brackets_brackets_4931_913884277_803762360621.2246_94b4aacb59ddb83e7dccf28fc277eb40c751147c,0,4931_913884277_803762360621.2246_94b4aacb59ddb83e7dccf28fc277eb40c751147c,train
tasktracker_python_brackets_brackets_583_470678335_982559139960.2112_cd7be00174c8eb66eea31ebfc85f2766d8b7c110,0,583_470678335_982559139960.2112_cd7be00174c8eb66eea31ebfc85f2766d8b7c110,train
tasktracker_python_brackets_brackets_5898_1026373761_1039975976979.3306_b076bd220b3a3bd21e76ce3bd0bc77fcfed49a16,0,5898_1026373761_1039975976979.3306_b076bd220b3a3bd21e76ce3bd0bc77fcfed49a16,train
tasktracker_python_brackets_brackets_5927_731680979_957601858015.3491_efb76281d5de734a167784264d8cdb909a3e7187,1,5927_731680979_957601858015.3491_efb76281d5de734a167784264d8cdb909a3e7187,train
tasktracker_python_brackets_brackets_6290_15325061_577199469996.0153_1348d067bd94ba9c55c8e6697b62ee6eda343364,1,6290_15325061_577199469996.0153_1348d067bd94ba9c55c8e6697b62ee6eda343364,train
tasktracker_python_brackets_brackets_6423_1106421296_895933445843.78_320b347dd3bc2b88950d4391683a3d4ab65827c7,0,6423_1106421296_895933445843.78_320b347dd3bc2b88950d4391683a3d4ab65827c7,train
tasktracker_python_brackets_brackets_6604_1000854187_81157292815.37729_46982988cd3567a95994aea8a1b789b2597fbce1,0,6604_1000854187_81157292815.37729_46982988cd3567a95994aea8a1b789b2597fbce1,train
tasktracker_python_brackets_brackets_6847_4337348_344732819754.7162_c1748bae205d445b50e5ae66f8f8e5cdb9a06809,1,6847_4337348_344732819754.7162_c1748bae205d445b50e5ae66f8f8e5cdb9a06809,train
tasktracker_python_brackets_brackets_6955_1182304390_1190374227198.232_b49afb0ffef18c2169481fc04fe98eabb974af95,1,6955_1182304390_1190374227198.232_b49afb0ffef18c2169481fc04fe98eabb974af95,train
tasktracker_python_brackets_brackets_72886_212081055_868525718666.528_17188dd4a409a1275f24a2f94b9ea30abaea5ccd,0,72886_212081055_868525718666.528_17188dd4a409a1275f24a2f94b9ea30abaea5ccd,train
tasktracker_python_brackets_brackets_7889_21041224_817720292175.449_608b5427041bf45d8c6f0e17e294792cb238b462,0,7889_21041224_817720292175.449_608b5427041bf45d8c6f0e17e294792cb238b462,train
tasktracker_python_brackets_brackets_7977_3602105_198512269907.71637_5b4f052f5c14ae763335940fd69a5cb64c39a44d,1,7977_3602105_198512269907.71637_5b4f052f5c14ae763335940fd69a5cb64c39a44d,train
tasktracker_python_brackets_brackets_80013_1913512191_1241725290275.6074_088a639610b7263464ee341efad6233e08d90957,0,80013_1913512191_1241725290275.6074_088a639610b7263464ee341efad6233e08d90957,train
tasktracker_python_brackets_brackets_8085_488736472_582930556668.2284_d079a2b09b7f40c9d58bb271fe1bacab9f2055bb,1,8085_488736472_582930556668.2284_d079a2b09b7f40c9d58bb271fe1bacab9f2055bb,train
tasktracker_python_brackets_brackets_90148_1876925322_609832802102.6696_f6f7b26fd8a02a1ddf458302382b502584d58c63,0,90148_1876925322_609832802102.6696_f6f7b26fd8a02a1ddf458302382b502584d58c63,train
tasktracker_python_max_3_max_3_100152_1166263590_436878423604.05066_7c3063711b59051ab54ab60ae4c5258a75074d48,0,100152_1166263590_436878423604.05066_7c3063711b59051ab54ab60ae4c5258a75074d48,train
tasktracker_python_max_3_max_3_1017_113826708_321439997792.73645_38275c782207f99d2c0a956b0a7d5de10754adf7,0,1017_113826708_321439997792.73645_38275c782207f99d2c0a956b0a7d5de10754adf7,train
tasktracker_python_max_3_max_3_10613_93575479max_3_4984014910max_39.764_35914e8a15max_30f609b15de3f6dmax_377546max_376fe193c,0,10613_93575479max_3_4984014910max_39.764_35914e8a15max_30f609b15de3f6dmax_377546max_376fe193c,train
tasktracker_python_max_3_max_3_198352_865707415_1206794217618.4377_4d28089eed49c86c701df45ca594848174fd42ec,0,198352_865707415_1206794217618.4377_4d28089eed49c86c701df45ca594848174fd42ec,train
tasktracker_python_max_3_max_3_261263_1653232206_235383674921.56827_6c8338a5540db9e87ec3a477bd1ee3795d1d279c,0,261263_1653232206_235383674921.56827_6c8338a5540db9e87ec3a477bd1ee3795d1d279c,train
tasktracker_python_max_3_max_3_331_10479887_627730534414.8816_b252d1cde11d18512d48ba30f23ad415bcc24025,0,331_10479887_627730534414.8816_b252d1cde11d18512d48ba30f23ad415bcc24025,train
tasktracker_python_max_3_max_3_3875_692915_1076739655245.9308_1afbf84de1ff6fbffc72125b28e96fe64117f0fd,0,3875_692915_1076739655245.9308_1afbf84de1ff6fbffc72125b28e96fe64117f0fd,train
tasktracker_python_max_3_max_3_3926_12429449_640770882109.8872_00a1125d55fc211acab5685f317c210cf470ad6b,1,3926_12429449_640770882109.8872_00a1125d55fc211acab5685f317c210cf470ad6b,train
tasktracker_python_max_3_max_3_3936_11869815_1043268103658.7896_1f5e8a748d0319656d9cf5e2a8b2fe27f5a75310,1,3936_11869815_1043268103658.7896_1f5e8a748d0319656d9cf5e2a8b2fe27f5a75310,train
tasktracker_python_max_3_max_3_4136_21286169_733206589.9089452_58d49900fbac571fb275d24472b833535666e85d,0,4136_21286169_733206589.9089452_58d49900fbac571fb275d24472b833535666e85d,train
tasktracker_python_max_3_max_3_4275_1805376686_1388731874761.0269_321b7a0f6a29c97153bb4b7979f4ada06ea9e7bd,0,4275_1805376686_1388731874761.0269_321b7a0f6a29c97153bb4b7979f4ada06ea9e7bd,train
tasktracker_python_max_3_max_3_4483_22404538_1537213233620.335_b945b42e714dfd0b666af502e7602c7d02a51211,1,4483_22404538_1537213233620.335_b945b42e714dfd0b666af502e7602c7d02a51211,train
tasktracker_python_max_3_max_3_44_2031330293_1556445243741.154_cec60bad9bb836e2dfe6e554334f756d194ed663,0,44_2031330293_1556445243741.154_cec60bad9bb836e2dfe6e554334f756d194ed663,train
tasktracker_python_max_3_max_3_4518_15960591_281234971520.1383_f36e7d6400ea913bc9f11890d06a778e3bc0074b,1,4518_15960591_281234971520.1383_f36e7d6400ea913bc9f11890d06a778e3bc0074b,train
tasktracker_python_max_3_max_3_4611_12390667_762127414508.162_9661c72753a7a42f09a59ca4312b1f38e63fd711,0,4611_12390667_762127414508.162_9661c72753a7a42f09a59ca4312b1f38e63fd711,train
tasktracker_python_max_3_max_3_4611_9955056_1556291180042.0403_255f4b3270c39f31c7de3fdaf9a648ca58517978,0,4611_9955056_1556291180042.0403_255f4b3270c39f31c7de3fdaf9a648ca58517978,train
tasktracker_python_max_3_max_3_4612_24084281_12074027253.89905_49c0baddef9a7d87271af35658542f906dd12535,1,4612_24084281_12074027253.89905_49c0baddef9a7d87271af35658542f906dd12535,train
tasktracker_python_max_3_max_3_4619_18680089_606821129744.5363_2129a0b5fcb125e5753fbe00c95e17a2e52d863a,0,4619_18680089_606821129744.5363_2129a0b5fcb125e5753fbe00c95e17a2e52d863a,train
tasktracker_python_max_3_max_3_4709_21700686_833293820294.9862_f43474eadeb6923df0b37b139893420594f7f3b4,0,4709_21700686_833293820294.9862_f43474eadeb6923df0b37b139893420594f7f3b4,train
tasktracker_python_max_3_max_3_4723_4210094_515013867684.5746_e7bb52830a609aba1f5b96afd5max_3d3cfff1b9933,0,4723_4210094_515013867684.5746_e7bb52830a609aba1f5b96afd5max_3d3cfff1b9933,train
tasktracker_python_max_3_max_3_4900_25max_369max_399_max_35max_37086558343.max_352_0cmax_30max_3amax_37cc97689abd694b24fef5e865373bbdb2,0,4900_25max_369max_399_max_35max_37086558343.max_352_0cmax_30max_3amax_37cc97689abd694b24fef5e865373bbdb2,train
tasktracker_python_max_3_max_3_5123_26252824_704900351475.3583_a4445a85060a47d50105eebaad20336066ed413b,1,5123_26252824_704900351475.3583_a4445a85060a47d50105eebaad20336066ed413b,train
tasktracker_python_max_3_max_3_583_470678335_982559139960.2112_cd7be00174c8eb66eea31ebfc85f2766d8b7c110,1,583_470678335_982559139960.2112_cd7be00174c8eb66eea31ebfc85f2766d8b7c110,train
tasktracker_python_max_3_max_3_6847_4337348_344732819754.7162_c1748bae205d445b50e5ae66f8f8e5cdb9a06809,0,6847_4337348_344732819754.7162_c1748bae205d445b50e5ae66f8f8e5cdb9a06809,train
tasktracker_python_max_3_max_3_7889_21041224_817720292175.449_608b5427041bf45d8c6f0e17e294792cb238b462,1,7889_21041224_817720292175.449_608b5427041bf45d8c6f0e17e294792cb238b462,train
tasktracker_python_max_3_max_3_7981_22929433_430882957334.7362_4d899ac82cc694e77f96d6bad10c83c67a44a0d9,0,7981_22929433_430882957334.7362_4d899ac82cc694e77f96d6bad10c83c67a44a0d9,train
tasktracker_python_max_3_max_3_8155_1377339_40104989606.44157_1641f0fb729baa91ebef5c5f99f451ff13027465,0,8155_1377339_40104989606.44157_1641f0fb729baa91ebef5c5f99f451ff13027465,train
tasktracker_python_max_3_max_3_8184_17697403_684766388200.1547_a403ec74f05180106cfb76c1d207f8d75cce3f81,0,8184_17697403_684766388200.1547_a403ec74f05180106cfb76c1d207f8d75cce3f81,train
tasktracker_python_max_3_max_3_8192_13709299_125942945428.39133_77050ede6a50c2b0c141a0eaeb795b35f9f63b63,0,8192_13709299_125942945428.39133_77050ede6a50c2b0c141a0eaeb795b35f9f63b63,train
tasktracker_python_max_3_max_3_8207_31794900_605885085965.2665_90e2b7eb3771965fca35f7af63a79c30187e2fc9,0,8207_31794900_605885085965.2665_90e2b7eb3771965fca35f7af63a79c30187e2fc9,train
tasktracker_python_max_digit_max_digit_100152_1166263590_436878423604.05066_7c3063711b59051ab54ab60ae4c5258a75074d48,0,100152_1166263590_436878423604.05066_7c3063711b59051ab54ab60ae4c5258a75074d48,train
tasktracker_python_max_digit_max_digit_1017_113826708_321439997792.73645_38275c782207f99d2c0a956b0a7d5de10754adf7,0,1017_113826708_321439997792.73645_38275c782207f99d2c0a956b0a7d5de10754adf7,train
tasktracker_python_max_digit_max_digit_198352_865707415_1206794217618.4377_4d28089eed49c86c701df45ca594848174fd42ec,0,198352_865707415_1206794217618.4377_4d28089eed49c86c701df45ca594848174fd42ec,train
tasktracker_python_max_digit_max_digit_25470_1305653967_655932420175.117_f4d9ff03bb3e5aeba6b7e598c207484f03a46ff9,1,25470_1305653967_655932420175.117_f4d9ff03bb3e5aeba6b7e598c207484f03a46ff9,train
tasktracker_python_max_digit_max_digit_3875_692915_1076739655245.9308_1afbf84de1ff6fbffc72125b28e96fe64117f0fd,0,3875_692915_1076739655245.9308_1afbf84de1ff6fbffc72125b28e96fe64117f0fd,train
tasktracker_python_max_digit_max_digit_4136_21286169_733206589.9089452_58d49900fbac571fb275d24472b833535666e85d,0,4136_21286169_733206589.9089452_58d49900fbac571fb275d24472b833535666e85d,train
tasktracker_python_max_digit_max_digit_4275_1805376686_1388731874761.0269_321b7a0f6a29c97153bb4b7979f4ada06ea9e7bd,0,4275_1805376686_1388731874761.0269_321b7a0f6a29c97153bb4b7979f4ada06ea9e7bd,train
tasktracker_python_max_digit_max_digit_4611_12390667_762127414508.162_9661c72753a7a42f09a59ca4312b1f38e63fd711,0,4611_12390667_762127414508.162_9661c72753a7a42f09a59ca4312b1f38e63fd711,train
tasktracker_python_max_digit_max_digit_4616_12699743_1458459585841.008_f22709df9e2aa94d29034614a0f2c47e5780fa8a,0,4616_12699743_1458459585841.008_f22709df9e2aa94d29034614a0f2c47e5780fa8a,train
tasktracker_python_max_digit_max_digit_4808_30740638_849045201361.1283_d360e9bbfcd186275364283c8e5932a8562cca3e,0,4808_30740638_849045201361.1283_d360e9bbfcd186275364283c8e5932a8562cca3e,train
tasktracker_python_max_digit_max_digit_583_470678335_982559139960.2112_cd7be00174c8eb66eea31ebfc85f2766d8b7c110,0,583_470678335_982559139960.2112_cd7be00174c8eb66eea31ebfc85f2766d8b7c110,train
tasktracker_python_max_digit_max_digit_7889_21041224_817720292175.449_608b5427041bf45d8c6f0e17e294792cb238b462,0,7889_21041224_817720292175.449_608b5427041bf45d8c6f0e17e294792cb238b462,train
tasktracker_python_max_digit_max_digit_7976_31874462_384210171184.86475_1fddd194b8f1aa8d24be94d52b5526c2edb66105,0,7976_31874462_384210171184.86475_1fddd194b8f1aa8d24be94d52b5526c2edb66105,train
tasktracker_python_pies_pies_0cmax_30max_3amax_37cc97689abd694b24fef5e865373bbdb2,0,0cmax_30max_3amax_37cc97689abd694b24fef5e865373bbdb2,train
tasktracker_python_pies_pies_100152_1166263590_436878423604.05066_7c3063711b59051ab54ab60ae4c5258a75074d48,0,100152_1166263590_436878423604.05066_7c3063711b59051ab54ab60ae4c5258a75074d48,train
tasktracker_python_pies_pies_1017_113826708_321439997792.73645_38275c782207f99d2c0a956b0a7d5de10754adf7,0,1017_113826708_321439997792.73645_38275c782207f99d2c0a956b0a7d5de10754adf7,train
tasktracker_python_pies_pies_10789_1289072303_656839674496.2971_88216c61cb976d1c3115da27bc388228deebb90c,0,10789_1289072303_656839674496.2971_88216c61cb976d1c3115da27bc388228deebb90c,train
tasktracker_python_pies_pies_123428_1549727579_314628220953.0474_59d7c6932ec655c77a3429ae2e5442cf5b66e1b3,0,123428_1549727579_314628220953.0474_59d7c6932ec655c77a3429ae2e5442cf5b66e1b3,train
tasktracker_python_pies_pies_143004_2064534604_992229733090.3016_7f6ad4fb1869c21cdbcd62d12060c1ee2382dd6e,0,143004_2064534604_992229733090.3016_7f6ad4fb1869c21cdbcd62d12060c1ee2382dd6e,train
tasktracker_python_pies_pies_15524_1935647395_265790077362.81616_21e64528199b4cb1c8dc092c88d2a6bc9e4255c0,0,15524_1935647395_265790077362.81616_21e64528199b4cb1c8dc092c88d2a6bc9e4255c0,train
tasktracker_python_pies_pies_17270_1134404990_1257864787107.462_eb2efe39361988a32036994f2eaa0a745d382d28,0,17270_1134404990_1257864787107.462_eb2efe39361988a32036994f2eaa0a745d382d28,train
tasktracker_python_pies_pies_1911_1072480939_486832621983.27405_c78c79533fd3eb415aee54c71ec15c855dd9ad33,0,1911_1072480939_486832621983.27405_c78c79533fd3eb415aee54c71ec15c855dd9ad33,train
tasktracker_python_pies_pies_193646_673126775_384890006177.1807_9c724c82ac2c8cb68327661b9cc3783112e69b46,0,193646_673126775_384890006177.1807_9c724c82ac2c8cb68327661b9cc3783112e69b46,train
tasktracker_python_pies_pies_198352_865707415_1206794217618.4377_4d28089eed49c86c701df45ca594848174fd42ec,0,198352_865707415_1206794217618.4377_4d28089eed49c86c701df45ca594848174fd42ec,train
tasktracker_python_pies_pies_19945_1116930459_280674194971.1027_568f1fcd9c6cfc573506470ae88cd5ce98e7871b,0,19945_1116930459_280674194971.1027_568f1fcd9c6cfc573506470ae88cd5ce98e7871b,train
tasktracker_python_pies_pies_19964_1951703099_1351597989264.433_dc02659fe2f311d5d99b7e3e8ce545134d450870,0,19964_1951703099_1351597989264.433_dc02659fe2f311d5d99b7e3e8ce545134d450870,train
tasktracker_python_pies_pies_2100_754016256_1479911704813.4963_f0b248e24852da21c2fe77d2cda29c7a11c36c8f,0,2100_754016256_1479911704813.4963_f0b248e24852da21c2fe77d2cda29c7a11c36c8f,train
tasktracker_python_pies_pies_216888_720294320_1290692217148.0579_0cbb1b99bf9b02945a6c7d238348379e3b37b5dc,0,216888_720294320_1290692217148.0579_0cbb1b99bf9b02945a6c7d238348379e3b37b5dc,train
tasktracker_python_pies_pies_227408_114516122_1113513767988.246_3e0e6ae415cbbc714cf4a7d86984ebbe4974fcb8,0,227408_114516122_1113513767988.246_3e0e6ae415cbbc714cf4a7d86984ebbe4974fcb8,train
tasktracker_python_pies_pies_24270_846334774_721864598609.0187_885b933eaefd1a0a4fc8b333dc5a3ee9629bbd24,0,24270_846334774_721864598609.0187_885b933eaefd1a0a4fc8b333dc5a3ee9629bbd24,train
tasktracker_python_pies_pies_261262_1189038819_1084697977466.4828_02242bf0df2cdf2bc66f04dc78036dd281b3f561,1,261262_1189038819_1084697977466.4828_02242bf0df2cdf2bc66f04dc78036dd281b3f561,train
tasktracker_python_pies_pies_26_570872361_613396442063.6447_4b8363d8d153e1242a0de5956b9868dd039657c9,0,26_570872361_613396442063.6447_4b8363d8d153e1242a0de5956b9868dd039657c9,train
tasktracker_python_pies_pies_28463_1340434087_177203974238.07382_5bb6555eed1b52fb1e343a8adb69205203167114,0,28463_1340434087_177203974238.07382_5bb6555eed1b52fb1e343a8adb69205203167114,train
tasktracker_python_pies_pies_331_10479887_627730534414.8816_b252d1cde11d18512d48ba30f23ad415bcc24025,0,331_10479887_627730534414.8816_b252d1cde11d18512d48ba30f23ad415bcc24025,train
tasktracker_python_pies_pies_346357_759631183_845400161712.9904_b99cba24c4afc4dec70f51ee34d3b7c60cb0f9ea,0,346357_759631183_845400161712.9904_b99cba24c4afc4dec70f51ee34d3b7c60cb0f9ea,train
tasktracker_python_pies_pies_35788_103591522_446471286908.60034_143881921cfa48acb771b1a437c26046609111f5,0,35788_103591522_446471286908.60034_143881921cfa48acb771b1a437c26046609111f5,train
tasktracker_python_pies_pies_35788_418626757_1136781665214.9624_35477a42de40624bf0d7c811eb5ffa358dbde5ff,0,35788_418626757_1136781665214.9624_35477a42de40624bf0d7c811eb5ffa358dbde5ff,train
tasktracker_python_pies_pies_3875_692915_1076739655245.9308_1afbf84de1ff6fbffc72125b28e96fe64117f0fd,0,3875_692915_1076739655245.9308_1afbf84de1ff6fbffc72125b28e96fe64117f0fd,train
tasktracker_python_pies_pies_3922_5354284_841660755158.3584_2432883cac05a4ff2843b0591e02f6f563e1f76b,1,3922_5354284_841660755158.3584_2432883cac05a4ff2843b0591e02f6f563e1f76b,train
tasktracker_python_pies_pies_4045_1137164902_844534486862.1228_caf6448a4f4767e8988397347320d0e2a7cc0ffe,0,4045_1137164902_844534486862.1228_caf6448a4f4767e8988397347320d0e2a7cc0ffe,train
tasktracker_python_pies_pies_4136_21286169_733206589.9089452_58d49900fbac571fb275d24472b833535666e85d,0,4136_21286169_733206589.9089452_58d49900fbac571fb275d24472b833535666e85d,train
tasktracker_python_pies_pies_4259_1764142122_1405701621384.6213_af0dba1c9ed3b697eb116e2560c7d760b864bd73,0,4259_1764142122_1405701621384.6213_af0dba1c9ed3b697eb116e2560c7d760b864bd73,train
tasktracker_python_pies_pies_4275_1805376686_1388731874761.0269_321b7a0f6a29c97153bb4b7979f4ada06ea9e7bd,0,4275_1805376686_1388731874761.0269_321b7a0f6a29c97153bb4b7979f4ada06ea9e7bd,train
tasktracker_python_pies_pies_43289_376271901_1159743385584.319_26088a6a5ff0acb037db5806dfd6afbcbb1b7d34,0,43289_376271901_1159743385584.319_26088a6a5ff0acb037db5806dfd6afbcbb1b7d34,train
tasktracker_python_pies_pies_4483_22404538_1537213233620.335_b945b42e714dfd0b666af502e7602c7d02a51211,0,4483_22404538_1537213233620.335_b945b42e714dfd0b666af502e7602c7d02a51211,train
tasktracker_python_pies_pies_44_2031330293_1556445243741.154_cec60bad9bb836e2dfe6e554334f756d194ed663,0,44_2031330293_1556445243741.154_cec60bad9bb836e2dfe6e554334f756d194ed663,train
tasktracker_python_pies_pies_4515_2607784_287742211797.16235_0a3b1ead2adf3d3e50fa6f687f412a11741b8359,1,4515_2607784_287742211797.16235_0a3b1ead2adf3d3e50fa6f687f412a11741b8359,train
tasktracker_python_pies_pies_45478_270994276_630374379611.3223_108aa9b05e5acf01ad90cabf36d1f46c93f47a24,0,45478_270994276_630374379611.3223_108aa9b05e5acf01ad90cabf36d1f46c93f47a24,train
tasktracker_python_pies_pies_4610_15739026_689393663042.398_6ce80206f9318e80ea35d39f6b711f5145f94755,0,4610_15739026_689393663042.398_6ce80206f9318e80ea35d39f6b711f5145f94755,train
tasktracker_python_pies_pies_4611_12390667_762127414508.162_9661c72753a7a42f09a59ca4312b1f38e63fd711,0,4611_12390667_762127414508.162_9661c72753a7a42f09a59ca4312b1f38e63fd711,train
tasktracker_python_pies_pies_4611_9955056_1556291180042.0403_255f4b3270c39f31c7de3fdaf9a648ca58517978,0,4611_9955056_1556291180042.0403_255f4b3270c39f31c7de3fdaf9a648ca58517978,train
tasktracker_python_pies_pies_4612_24084281_12074027253.89905_49c0baddef9a7d87271af35658542f906dd12535,0,4612_24084281_12074027253.89905_49c0baddef9a7d87271af35658542f906dd12535,train
tasktracker_python_pies_pies_4619_18680089_606821129744.5363_2129a0b5fcb125e5753fbe00c95e17a2e52d863a,1,4619_18680089_606821129744.5363_2129a0b5fcb125e5753fbe00c95e17a2e52d863a,train
tasktracker_python_pies_pies_4667_29716201_1312918721041.0295_9b458b595bb0c68e4de9e7b8bd5dc2c73a87c5e0,1,4667_29716201_1312918721041.0295_9b458b595bb0c68e4de9e7b8bd5dc2c73a87c5e0,train
tasktracker_python_pies_pies_4709_21700686_833293820294.9862_f43474eadeb6923df0b37b139893420594f7f3b4,0,4709_21700686_833293820294.9862_f43474eadeb6923df0b37b139893420594f7f3b4,train
tasktracker_python_pies_pies_48120_990178011_226514058084.81757_e631ae32286fef0602c9f097757dc1c1d69949eb,0,48120_990178011_226514058084.81757_e631ae32286fef0602c9f097757dc1c1d69949eb,train
tasktracker_python_pies_pies_48429_2037767974_978629325268.47_9a37d05801aa6e42e4af5c6952cb0e347a00424e,0,48429_2037767974_978629325268.47_9a37d05801aa6e42e4af5c6952cb0e347a00424e,train
tasktracker_python_pies_pies_4933_418128443_96303457741.98433_2b860094793539fec00a9bded14dad45bb49306f,0,4933_418128443_96303457741.98433_2b860094793539fec00a9bded14dad45bb49306f,train
tasktracker_python_pies_pies_5123_26252824_704900351475.3583_a4445a85060a47d50105eebaad20336066ed413b,0,5123_26252824_704900351475.3583_a4445a85060a47d50105eebaad20336066ed413b,train
tasktracker_python_pies_pies_52738_1332258183_102603339661.56433_d51c7e41718aa9b4b3ef6739e89710d14e1ef4a1,0,52738_1332258183_102603339661.56433_d51c7e41718aa9b4b3ef6739e89710d14e1ef4a1,train
tasktracker_python_pies_pies_5774_2115444998_115996062145.36139_9d7eb5b585576af9229c9f3310a67064ecd3d703,0,5774_2115444998_115996062145.36139_9d7eb5b585576af9229c9f3310a67064ecd3d703,train
tasktracker_python_pies_pies_583_470678335_982559139960.2112_cd7be00174c8eb66eea31ebfc85f2766d8b7c110,1,583_470678335_982559139960.2112_cd7be00174c8eb66eea31ebfc85f2766d8b7c110,train
tasktracker_python_pies_pies_5898_1026373761_1039975976979.3306_b076bd220b3a3bd21e76ce3bd0bc77fcfed49a16,0,5898_1026373761_1039975976979.3306_b076bd220b3a3bd21e76ce3bd0bc77fcfed49a16,train
tasktracker_python_pies_pies_59231_1149992727_1427008037559.968_d495e34f037075ccd07367352d96de23a31bdfe3,0,59231_1149992727_1427008037559.968_d495e34f037075ccd07367352d96de23a31bdfe3,train
tasktracker_python_pies_pies_6423_1106421296_895933445843.78_320b347dd3bc2b88950d4391683a3d4ab65827c7,0,6423_1106421296_895933445843.78_320b347dd3bc2b88950d4391683a3d4ab65827c7,train
tasktracker_python_pies_pies_6471_1342557092_186318241728.90652_852b87acb300a0e06de2d6a830c6864e12826fde,0,6471_1342557092_186318241728.90652_852b87acb300a0e06de2d6a830c6864e12826fde,train
tasktracker_python_pies_pies_6591_817330812_773588750961.1371_f1cf084ea4dd5949ee4192b333de7ffd2c5b5201,0,6591_817330812_773588750961.1371_f1cf084ea4dd5949ee4192b333de7ffd2c5b5201,train
tasktracker_python_pies_pies_6604_1000854187_81157292815.37729_46982988cd3567a95994aea8a1b789b2597fbce1,0,6604_1000854187_81157292815.37729_46982988cd3567a95994aea8a1b789b2597fbce1,train
tasktracker_python_pies_pies_6715_413712773_340618651804.85486_04fa40f37454e54428e19049d3295bbcecc2edec,0,6715_413712773_340618651804.85486_04fa40f37454e54428e19049d3295bbcecc2edec,train
tasktracker_python_pies_pies_6847_4337348_344732819754.7162_c1748bae205d445b50e5ae66f8f8e5cdb9a06809,0,6847_4337348_344732819754.7162_c1748bae205d445b50e5ae66f8f8e5cdb9a06809,train
tasktracker_python_pies_pies_6953_621690696_725508199151.8804_7562c167212a5fa79d5886c088220a36802b171a,0,6953_621690696_725508199151.8804_7562c167212a5fa79d5886c088220a36802b171a,train
tasktracker_python_pies_pies_7889_21041224_817720292175.449_608b5427041bf45d8c6f0e17e294792cb238b462,0,7889_21041224_817720292175.449_608b5427041bf45d8c6f0e17e294792cb238b462,train
tasktracker_python_pies_pies_7981_22929433_430882957334.7362_4d899ac82cc694e77f96d6bad10c83c67a44a0d9,0,7981_22929433_430882957334.7362_4d899ac82cc694e77f96d6bad10c83c67a44a0d9,train
tasktracker_python_pies_pies_80011_1505277298_1333394280766.5986_2c981d636b34fc03884816afa3a27c0f0d7f843f,0,80011_1505277298_1333394280766.5986_2c981d636b34fc03884816afa3a27c0f0d7f843f,train
tasktracker_python_pies_pies_8001_3733581_99758228868.63918_94c2ea4ce5b03bcaef04e77d45dc6e2633372a79,0,8001_3733581_99758228868.63918_94c2ea4ce5b03bcaef04e77d45dc6e2633372a79,train
tasktracker_python_pies_pies_8083_597484701_1291177476546.9993_686b3405abb99c7310078def70163808d100976c,0,8083_597484701_1291177476546.9993_686b3405abb99c7310078def70163808d100976c,train
tasktracker_python_pies_pies_8155_1377339_40104989606.44157_1641f0fb729baa91ebef5c5f99f451ff13027465,0,8155_1377339_40104989606.44157_1641f0fb729baa91ebef5c5f99f451ff13027465,train
tasktracker_python_pies_pies_8184_17697403_684766388200.1547_a403ec74f05180106cfb76c1d207f8d75cce3f81,0,8184_17697403_684766388200.1547_a403ec74f05180106cfb76c1d207f8d75cce3f81,train
tasktracker_python_pies_pies_90148_1876925322_609832802102.6696_f6f7b26fd8a02a1ddf458302382b502584d58c63,0,90148_1876925322_609832802102.6696_f6f7b26fd8a02a1ddf458302382b502584d58c63,train
tasktracker_python_pies_pies_9575_489913881_1504612230300.3203_452bcc15aa362d3ce3a6e4c883b208aa8c5ec9cb,0,9575_489913881_1504612230300.3203_452bcc15aa362d3ce3a6e4c883b208aa8c5ec9cb,train
tasktracker_python_pies_pies_pies0pies77_20pies4059650_pies38pies8pies7089piespies9.859_67648629ef7pies60c857582c955ad45d23f7cd5dec,0,pies0pies77_20pies4059650_pies38pies8pies7089piespies9.859_67648629ef7pies60c857582c955ad45d23f7cd5dec,train
tasktracker_python_voting_voting_0cmax_30max_3amax_37cc97689abd694b24fef5e865373bbdb2,0,0cmax_30max_3amax_37cc97689abd694b24fef5e865373bbdb2,train
tasktracker_python_voting_voting_100152_1166263590_436878423604.05066_7c3063711b59051ab54ab60ae4c5258a75074d48,0,100152_1166263590_436878423604.05066_7c3063711b59051ab54ab60ae4c5258a75074d48,train
tasktracker_python_voting_voting_1017_113826708_321439997792.73645_38275c782207f99d2c0a956b0a7d5de10754adf7,0,1017_113826708_321439997792.73645_38275c782207f99d2c0a956b0a7d5de10754adf7,train
tasktracker_python_voting_voting_10615_687727151_13voting65190659voting0.voting102_1cvoting10210a1ca7a61fd2162voting8votingdbec61bb80b562b,0,10615_687727151_13voting65190659voting0.voting102_1cvoting10210a1ca7a61fd2162voting8votingdbec61bb80b562b,train
tasktracker_python_voting_voting_131167_972600617_828012254790.0184_9dcc8a958624cf6cdd16ec300ef0c541bc0911da,0,131167_972600617_828012254790.0184_9dcc8a958624cf6cdd16ec300ef0c541bc0911da,train
tasktracker_python_voting_voting_143524_359359651_1583586955493.337_6a73a2510e9d0e0cef08270a61edf0757e345232,0,143524_359359651_1583586955493.337_6a73a2510e9d0e0cef08270a61edf0757e345232,train
tasktracker_python_voting_voting_17261_1227777976_320878551762.0563_e8bd0cc7914a2237e4a6d0ae88eb6136ce10ce33,0,17261_1227777976_320878551762.0563_e8bd0cc7914a2237e4a6d0ae88eb6136ce10ce33,train
tasktracker_python_voting_voting_198352_865707415_1206794217618.4377_4d28089eed49c86c701df45ca594848174fd42ec,0,198352_865707415_1206794217618.4377_4d28089eed49c86c701df45ca594848174fd42ec,train
tasktracker_python_voting_voting_19946_1784793237_188678835462.07587_0103ea9ffb56e2346c4c45ea35e168aa161eb30f,0,19946_1784793237_188678835462.07587_0103ea9ffb56e2346c4c45ea35e168aa161eb30f,train
tasktracker_python_voting_voting_19957_680715468_149925883870.7677_1f937b004f440d49893bc6ac889f5b3fa901468f,0,19957_680715468_149925883870.7677_1f937b004f440d49893bc6ac889f5b3fa901468f,train
tasktracker_python_voting_voting_22406_988194117_1132151849306.9482_26f2a8f8430361b22616db758c7a01e8193ec26b,0,22406_988194117_1132151849306.9482_26f2a8f8430361b22616db758c7a01e8193ec26b,train
tasktracker_python_voting_voting_24269_124090963_109732748751.39507_bb621b9a3a8a05260108ce63d87af6ce7d9d5d7a,0,24269_124090963_109732748751.39507_bb621b9a3a8a05260108ce63d87af6ce7d9d5d7a,train
tasktracker_python_voting_voting_254507_894885388_798709724437.6637_0e7712242c2acde395fc4d818402b481b20d7657,0,254507_894885388_798709724437.6637_0e7712242c2acde395fc4d818402b481b20d7657,train
tasktracker_python_voting_voting_25471_61826266_509278941360.2606_2e385b03c868a69b24c166488efeb72c9f4f472d,1,25471_61826266_509278941360.2606_2e385b03c868a69b24c166488efeb72c9f4f472d,train
tasktracker_python_voting_voting_261260_831246079_1396049788688.8708_809b3bc3242da61ca79cf0873822ef0fa24b5a03,1,261260_831246079_1396049788688.8708_809b3bc3242da61ca79cf0873822ef0fa24b5a03,train
tasktracker_python_voting_voting_3875_692915_1076739655245.9308_1afbf84de1ff6fbffc72125b28e96fe64117f0fd,1,3875_692915_1076739655245.9308_1afbf84de1ff6fbffc72125b28e96fe64117f0fd,train
tasktracker_python_voting_voting_3930_21961455_393352543631.61053_c8e71adeb61ab4d93ba73f8409e1d5313db1398f,1,3930_21961455_393352543631.61053_c8e71adeb61ab4d93ba73f8409e1d5313db1398f,train
tasktracker_python_voting_voting_4136_21286169_733206589.9089452_58d49900fbac571fb275d24472b833535666e85d,1,4136_21286169_733206589.9089452_58d49900fbac571fb275d24472b833535666e85d,train
tasktracker_python_voting_voting_4275_1805376686_1388731874761.0269_321b7a0f6a29c97153bb4b7979f4ada06ea9e7bd,0,4275_1805376686_1388731874761.0269_321b7a0f6a29c97153bb4b7979f4ada06ea9e7bd,train
tasktracker_python_voting_voting_43288_1159586616_920600418387.0457_2c860650e8297f8851e2794cb55bcbe883ec8df4,0,43288_1159586616_920600418387.0457_2c860650e8297f8851e2794cb55bcbe883ec8df4,train
tasktracker_python_voting_voting_4483_22404538_1537213233620.335_b945b42e714dfd0b666af502e7602c7d02a51211,1,4483_22404538_1537213233620.335_b945b42e714dfd0b666af502e7602c7d02a51211,train
tasktracker_python_voting_voting_4611_12390667_762127414508.162_9661c72753a7a42f09a59ca4312b1f38e63fd711,0,4611_12390667_762127414508.162_9661c72753a7a42f09a59ca4312b1f38e63fd711,train
tasktracker_python_voting_voting_4611_9955056_1556291180042.0403_255f4b3270c39f31c7de3fdaf9a648ca58517978,1,4611_9955056_1556291180042.0403_255f4b3270c39f31c7de3fdaf9a648ca58517978,train
tasktracker_python_voting_voting_4612_24084281_12074027253.89905_49c0baddef9a7d87271af35658542f906dd12535,1,4612_24084281_12074027253.89905_49c0baddef9a7d87271af35658542f906dd12535,train
tasktracker_python_voting_voting_4639_31333278_1333757847754.7476_880f831313b07b376232e4bbc873fa9773b2e2d2,0,4639_31333278_1333757847754.7476_880f831313b07b376232e4bbc873fa9773b2e2d2,train
tasktracker_python_voting_voting_4667_29716201_1312918721041.0295_9b458b595bb0c68e4de9e7b8bd5dc2c73a87c5e0,1,4667_29716201_1312918721041.0295_9b458b595bb0c68e4de9e7b8bd5dc2c73a87c5e0,train
tasktracker_python_voting_voting_4709_21700686_833293820294.9862_f43474eadeb6923df0b37b139893420594f7f3b4,0,4709_21700686_833293820294.9862_f43474eadeb6923df0b37b139893420594f7f3b4,train
tasktracker_python_voting_voting_4724_29773242_680653600443.8798_6d07d4d1af4536c07fc7d67862afbc3311c6d943,0,4724_29773242_680653600443.8798_6d07d4d1af4536c07fc7d67862afbc3311c6d943,train
tasktracker_python_voting_voting_48428_929929225_1430876244962.6008_dbd1e85f9d78119c3cf0f27473adc1cbff047c00,0,48428_929929225_1430876244962.6008_dbd1e85f9d78119c3cf0f27473adc1cbff047c00,train
tasktracker_python_voting_voting_4932_745251955_646761437765.5791_fc9af4ef9b497992ab3549a8847cbaeb01c5d4d1,0,4932_745251955_646761437765.5791_fc9af4ef9b497992ab3549a8847cbaeb01c5d4d1,train
tasktracker_python_voting_voting_54911_1280903704_235087511143.9262_58acfa1154ddf14655c0cd7ffcdaa05764e4a42b,0,54911_1280903704_235087511143.9262_58acfa1154ddf14655c0cd7ffcdaa05764e4a42b,train
tasktracker_python_voting_voting_583_470678335_982559139960.2112_cd7be00174c8eb66eea31ebfc85f2766d8b7c110,0,583_470678335_982559139960.2112_cd7be00174c8eb66eea31ebfc85f2766d8b7c110,train
tasktracker_python_voting_voting_5926_551933496_632029329506.5209_3a4143a7623f7af19b219eee2b065f8f329776a7,0,5926_551933496_632029329506.5209_3a4143a7623f7af19b219eee2b065f8f329776a7,train
tasktracker_python_voting_voting_6470_845174066_1036913040379.8087_f1a947c4ec1d13993b80ca021a3a017b33a16499,0,6470_845174066_1036913040379.8087_f1a947c4ec1d13993b80ca021a3a017b33a16499,train
tasktracker_python_voting_voting_6590_2142746318_780937516995.4568_02f0e30110e25793474a37650296872fe98ac802,0,6590_2142746318_780937516995.4568_02f0e30110e25793474a37650296872fe98ac802,train
tasktracker_python_voting_voting_6716_1125902358_441902950949.8562_1570e561deeff2da85957cbdd5eaa54bc486dbef,0,6716_1125902358_441902950949.8562_1570e561deeff2da85957cbdd5eaa54bc486dbef,train
tasktracker_python_voting_voting_6847_4337348_344732819754.7162_c1748bae205d445b50e5ae66f8f8e5cdb9a06809,0,6847_4337348_344732819754.7162_c1748bae205d445b50e5ae66f8f8e5cdb9a06809,train
tasktracker_python_voting_voting_6954_1571661592_300327901390.8417_bc8ead1adbaa594e7fe23ce94d13acbb7ef82f15,0,6954_1571661592_300327901390.8417_bc8ead1adbaa594e7fe23ce94d13acbb7ef82f15,train
tasktracker_python_voting_voting_72887_1289928785_98963024236.12558_39443adc1b1054b04f767bf808aa68228ad27cdb,0,72887_1289928785_98963024236.12558_39443adc1b1054b04f767bf808aa68228ad27cdb,train
tasktracker_python_voting_voting_7681_25140_827395207550.7535_3e131f3e6afd757c5a1e26f22cb0828c7de68879,0,7681_25140_827395207550.7535_3e131f3e6afd757c5a1e26f22cb0828c7de68879,train
tasktracker_python_voting_voting_7889_21041224_817720292175.449_608b5427041bf45d8c6f0e17e294792cb238b462,0,7889_21041224_817720292175.449_608b5427041bf45d8c6f0e17e294792cb238b462,train
tasktracker_python_voting_voting_7981_22929433_430882957334.7362_4d899ac82cc694e77f96d6bad10c83c67a44a0d9,0,7981_22929433_430882957334.7362_4d899ac82cc694e77f96d6bad10c83c67a44a0d9,train
tasktracker_python_voting_voting_80012_1847886372_1429370341492.426_88287858fb10128bd4125b44a287acdfb3c4dfc9,0,80012_1847886372_1429370341492.426_88287858fb10128bd4125b44a287acdfb3c4dfc9,train
tasktracker_python_voting_voting_8084_931453018_1145787999385.9644_b82c09736bb4a55144b2e84ca35e21506a8df022,1,8084_931453018_1145787999385.9644_b82c09736bb4a55144b2e84ca35e21506a8df022,train
tasktracker_python_voting_voting_8155_1377339_40104989606.44157_1641f0fb729baa91ebef5c5f99f451ff13027465,1,8155_1377339_40104989606.44157_1641f0fb729baa91ebef5c5f99f451ff13027465,train
tasktracker_python_voting_voting_8184_17697403_684766388200.1547_a403ec74f05180106cfb76c1d207f8d75cce3f81,0,8184_17697403_684766388200.1547_a403ec74f05180106cfb76c1d207f8d75cce3f81,train
tasktracker_python_voting_voting_8193_26581383_1535721313199.614_dd3a6023a247161199b1b316ab10fd2c57946d1f,0,8193_26581383_1535721313199.614_dd3a6023a247161199b1b316ab10fd2c57946d1f,train
tasktracker_python_zero_zero_0cmax_30max_3amax_37cc97689abd694b24fef5e865373bbdb2,0,0cmax_30max_3amax_37cc97689abd694b24fef5e865373bbdb2,train
tasktracker_python_zero_zero_100152_1166263590_436878423604.05066_7c3063711b59051ab54ab60ae4c5258a75074d48,0,100152_1166263590_436878423604.05066_7c3063711b59051ab54ab60ae4c5258a75074d48,train
tasktracker_python_zero_zero_1017_113826708_321439997792.73645_38275c782207f99d2c0a956b0a7d5de10754adf7,0,1017_113826708_321439997792.73645_38275c782207f99d2c0a956b0a7d5de10754adf7,train
tasktracker_python_zero_zero_10614_1992zero81212_45154zero154517.00055_1ce606f818fczero27d4zerocaebcd76d504c84108f70d,0,10614_1992zero81212_45154zero154517.00055_1ce606f818fczero27d4zerocaebcd76d504c84108f70d,train
tasktracker_python_zero_zero_198352_865707415_1206794217618.4377_4d28089eed49c86c701df45ca594848174fd42ec,0,198352_865707415_1206794217618.4377_4d28089eed49c86c701df45ca594848174fd42ec,train
tasktracker_python_zero_zero_261261_888110043_662363590084.9491_4c6acf735b4cc4aea5d106f36b28fb1b322bb761,0,261261_888110043_662363590084.9491_4c6acf735b4cc4aea5d106f36b28fb1b322bb761,train
tasktracker_python_zero_zero_3875_692915_1076739655245.9308_1afbf84de1ff6fbffc72125b28e96fe64117f0fd,0,3875_692915_1076739655245.9308_1afbf84de1ff6fbffc72125b28e96fe64117f0fd,train
tasktracker_python_zero_zero_3929_6104660_1215033271776.3303_5a4a32025416cf52c487baf900ca2683deaa5e3f,0,3929_6104660_1215033271776.3303_5a4a32025416cf52c487baf900ca2683deaa5e3f,train
tasktracker_python_zero_zero_3939_11127258_1412452473247.6707_397afd67e68c56d2473c3d6471785f07381506f2,1,3939_11127258_1412452473247.6707_397afd67e68c56d2473c3d6471785f07381506f2,train
tasktracker_python_zero_zero_4136_21286169_733206589.9089452_58d49900fbac571fb275d24472b833535666e85d,0,4136_21286169_733206589.9089452_58d49900fbac571fb275d24472b833535666e85d,train
tasktracker_python_zero_zero_4275_1805376686_1388731874761.0269_321b7a0f6a29c97153bb4b7979f4ada06ea9e7bd,0,4275_1805376686_1388731874761.0269_321b7a0f6a29c97153bb4b7979f4ada06ea9e7bd,train
tasktracker_python_zero_zero_4611_12390667_762127414508.162_9661c72753a7a42f09a59ca4312b1f38e63fd711,0,4611_12390667_762127414508.162_9661c72753a7a42f09a59ca4312b1f38e63fd711,train
tasktracker_python_zero_zero_4611_9955056_1556291180042.0403_255f4b3270c39f31c7de3fdaf9a648ca58517978,0,4611_9955056_1556291180042.0403_255f4b3270c39f31c7de3fdaf9a648ca58517978,train
tasktracker_python_zero_zero_4612_24084281_12074027253.89905_49c0baddef9a7d87271af35658542f906dd12535,1,4612_24084281_12074027253.89905_49c0baddef9a7d87271af35658542f906dd12535,train
tasktracker_python_zero_zero_4614_30209586_43563115982.02533_12a5b4184b40b97f0e74019597bc6a950ac45434,0,4614_30209586_43563115982.02533_12a5b4184b40b97f0e74019597bc6a950ac45434,train
tasktracker_python_zero_zero_4619_18680089_606821129744.5363_2129a0b5fcb125e5753fbe00c95e17a2e52d863a,0,4619_18680089_606821129744.5363_2129a0b5fcb125e5753fbe00c95e17a2e52d863a,train
tasktracker_python_zero_zero_4640_8196389_558216884888.041_f0d4e4c6e32d5a675887526fd94c035f35f6cb07,0,4640_8196389_558216884888.041_f0d4e4c6e32d5a675887526fd94c035f35f6cb07,train
tasktracker_python_zero_zero_4709_21700686_833293820294.9862_f43474eadeb6923df0b37b139893420594f7f3b4,0,4709_21700686_833293820294.9862_f43474eadeb6923df0b37b139893420594f7f3b4,train
tasktracker_python_zero_zero_4726_21867837_1547897952744.8306_9b113a029322514932ae523c6a0483efb5618be7,0,4726_21867837_1547897952744.8306_9b113a029322514932ae523c6a0483efb5618be7,train
tasktracker_python_zero_zero_4808_30740638_849045201361.1283_d360e9bbfcd186275364283c8e5932a8562cca3e,0,4808_30740638_849045201361.1283_d360e9bbfcd186275364283c8e5932a8562cca3e,train
tasktracker_python_zero_zero_583_470678335_982559139960.2112_cd7be00174c8eb66eea31ebfc85f2766d8b7c110,0,583_470678335_982559139960.2112_cd7be00174c8eb66eea31ebfc85f2766d8b7c110,train
tasktracker_python_zero_zero_6290_15325061_577199469996.0153_1348d067bd94ba9c55c8e6697b62ee6eda343364,0,6290_15325061_577199469996.0153_1348d067bd94ba9c55c8e6697b62ee6eda343364,train
tasktracker_python_zero_zero_6847_4337348_344732819754.7162_c1748bae205d445b50e5ae66f8f8e5cdb9a06809,0,6847_4337348_344732819754.7162_c1748bae205d445b50e5ae66f8f8e5cdb9a06809,train
tasktracker_python_zero_zero_7889_21041224_817720292175.449_608b5427041bf45d8c6f0e17e294792cb238b462,0,7889_21041224_817720292175.449_608b5427041bf45d8c6f0e17e294792cb238b462,train
tasktracker_python_zero_zero_7981_22929433_430882957334.7362_4d899ac82cc694e77f96d6bad10c83c67a44a0d9,0,7981_22929433_430882957334.7362_4d899ac82cc694e77f96d6bad10c83c67a44a0d9,train
tasktracker_python_zero_zero_8155_1377339_40104989606.44157_1641f0fb729baa91ebef5c5f99f451ff13027465,0,8155_1377339_40104989606.44157_1641f0fb729baa91ebef5c5f99f451ff13027465,train
tasktracker_python_zero_zero_8184_17697403_684766388200.1547_a403ec74f05180106cfb76c1d207f8d75cce3f81,1,8184_17697403_684766388200.1547_a403ec74f05180106cfb76c1d207f8d75cce3f81,train
tasktracker_python_zero_zero_8208_8551881_910767538889.8097_1250b97eeee23467c04a23a6f0706529dc364544,1,8208_8551881_910767538889.8097_1250b97eeee23467c04a23a6f0706529dc364544,train
